<?xml version="1.0" encoding="UTF-8"?>
<LangFile>
	<!--
							Fichier de couleurs d'interfaces
		Syntaxe :
			<entry key="nom de la clef">contenu</entry>
			
		Note :
			Le nom du fichier (sans son extension) est automatiquement ajoute avant la clef. Par
			exemple, pour faire reference aux clefs declarees dans le fichier "colors.xml", il
			faudra ajouter "colors." aux noms des clefs
			 Certaines grilles supportent le format AARRGGBB
	-->
	
	<!--======================================================================-->
	<!--                            Couleurs                               
		lightblue : #DEEEFF
	 	darkblue  : #0063FA												      -->
	<!--======================================================================-->
	
	<entry key="ui.modalbg">0x000000</entry>
	<entry key="ui.shadow">0x333333</entry>
	<entry key="ui.shadow.dark">0x000000</entry>
	<entry key="ui.light">0xffffff</entry>
	<entry key="ui.bg.window">0x000000</entry>
	<entry key="ui.wnd.border">0x000000</entry>
	
	<entry key="chat.bgColor">0x0F0F17</entry>
	
	<entry key="gamemenu.background">0x000000</entry>
	<entry key="gamemenu.background.alpha">0.8</entry>
	
	<entry key="grid.title">0x303030</entry>
	<entry key="grid.bg">0x30bebebd</entry>
	<entry key="grid.line">0x10ffffff</entry>
	<entry key="grid.over">0x20CCCCCC</entry>
	<entry key="grid.selected">0x30CCCCCC</entry>
	<entry key="grid.bg.green">0x303030</entry>
	<entry key="grid.bg.red">0x5F190B</entry>
	<!--	// Temporis IV-->
	<entry key="grid.passiveSpell">0x7C6399</entry>
	<entry key="multigrid.line">0x5c5c5d</entry>
	<entry key="multigrid.subline">0x202020</entry>
	<entry key="multigrid.selected">0xaae50c</entry>
    <entry key="multigrid.subselected">0x354c58</entry>
	
	<entry key="radio.over">0x2c2e26</entry>
	
	<entry key="combobox.over">0x903D3D33</entry>
	<entry key="combobox.selected">0x252c2d25</entry>
		
	<entry key="contextmenu.title">0x514a3c</entry>
	<entry key="contextmenu.title.alpha">0.8</entry>
	<entry key="contextmenu.over">0x717168</entry>
	<entry key="contextmenu.over.alpha">0.5</entry>
	<entry key="contextmenu.border">0x454035</entry>
	<entry key="contextmenu.bg">0x000000</entry>
	<entry key="contextmenu.bg.alpha">0.9</entry>
	<entry key="contextmenu.shadow">0x222222</entry>
	<entry key="contextmenu.separator">0x404040</entry>
	<entry key="contextmenu.shortcut">0x797979</entry>
	
	<entry key="timeline.border_current_fighter">0xff6100</entry>	
	
	<entry key="tooltip.bg">0x000000</entry>
	<entry key="tooltip.bg.alpha">0.75</entry>
	<entry key="tooltip.border">0x749B40</entry>
	<entry key="tooltip.border.activePin">0x749B40</entry>
	<entry key="tooltip.separator">0x749B40</entry>
	<entry key="scrollbar.bg">0x1d1d1d</entry>	
	<entry key="scrollbar.bar">0xFEFEFE</entry>		

	<!-- Couleurs de textes -->
	
	<entry key="shortcut">0x0063FA</entry> 
	<entry key="text.help">0xE804E8</entry>
	
	<entry key="hyperlink.link">0xffb400</entry>
	<entry key="hyperlink.hover">0xf2fabd</entry>
	<entry key="hyperlink.warning">0xec0101</entry>
	
	<entry key="tooltip.text.red">0xc10000</entry>
	<entry key="tooltip.text.orange">0xf17921</entry>
	<entry key="tooltip.text.disabled">0x868686</entry>
	<entry key="tooltip.text.violet">0xBB8BFF</entry>
	
	<entry key="hierarchy.moderator">0xff4343</entry>
	<entry key="hierarchy.gamemaster_padawan">0xc79866</entry>
	<entry key="hierarchy.gamemaster">0xc79866</entry>
	<entry key="hierarchy.administrator">0x686fff</entry>
	
	<entry key="text.glow">0xffffff</entry>
	<entry key="text.glow.dark">0x000000</entry>
	<entry key="text.glow.light">0xfffae4</entry>
	<entry key="text.glow.red">0xed6029</entry>
	<!--  textes elements combat -->
	<entry key="fight.text.multi">0x9a50e5</entry>
	<entry key="fight.text.air">0x37d63a</entry>
	<entry key="fight.text.water">0x3286b0</entry>
	<entry key="fight.text.fire">0xcd2828</entry>
	<entry key="fight.text.earth">0xAC7948</entry>
	<entry key="fight.text.neutral">0xe8e8e8</entry>
	
	<entry key="smithmagic.success">0x4b7320</entry>
	<entry key="smithmagic.fail">0x913432</entry>	
	<entry key="tooltip.bonus">0x52AE3F</entry>
	<entry key="tooltip.malus">0xCB685E</entry>
	<entry key="shop.oldPrice">0x737373</entry>	
	<!--  textes carte -->
	<entry key="area.all">0xDFDFDF</entry>
	<entry key="area.normal">0xC0C0C0</entry>
	<entry key="area.weakened">0xd7b352</entry>
	<entry key="area.sabotaged">0xb652d7</entry>
	<entry key="area.vulnerable">0xd76552</entry>
	<entry key="area.capturable">0xb2d71b</entry>
	<entry key="area.all.dark">0x696968</entry>
	<entry key="area.normal.dark">0x696968</entry>
	<entry key="area.weakened.dark">0x8c7330</entry>
	<entry key="area.sabotaged.dark">0x6f427e</entry>
	<entry key="area.vulnerable.dark">0x7e4b42</entry>
	<entry key="area.capturable.dark">0x5d6f14</entry>
	

	<entry key="icon.green">0x303030</entry>
	<entry key="icon.grey">0x0063FA</entry>
	<!-- Divers -->
	
	<entry key="progressbar.background">0x000000</entry>
	<entry key="progressbar.separator">0x373737</entry>
    <entry key="progressbar.mount.separator">0x808080</entry>
	<entry key="progressbar.blue">0x0063FA</entry>
	<entry key="progressbar.green">0xccf600</entry>
	<entry key="progressbar.yellow">0x0063FA</entry>
    <entry key="progressbar.pink">0xdf1b45</entry>
    <entry key="progressbar.red">0x9B0F6C</entry> 
    <entry key="progressbar.gold">0x0063FA</entry>
    
    <entry key="progressbar.damage">0xff6a3d</entry>
	<entry key="progressbar.lifePoints">0xc71c26</entry>
	<entry key="progressbar.shieldPoints">0x9966CC</entry>
	<entry key="progressbar.lifeThreshold">0xebc304</entry>

	<entry key="progressbar.xp">0x0063FA</entry>
	<entry key="progressbar.guildXp">0x0063FA</entry>
	<entry key="progressbar.mountXp">0x834E33</entry>
	<entry key="progressbar.incarnationXp">0x9B0F6C</entry>
	<entry key="progressbar.jobXp">0x9F51A6</entry>
	<entry key="progressbar.honorPoints">0xFF9400</entry>
	<entry key="progressbar.pods">0x60BE35</entry>
	<entry key="progressbar.energy">0x7BF600</entry>
	<entry key="progressbar.podsShop">0xcdffb6</entry>

	<entry key="map.search.grid.over">0x151513</entry>  
	<entry key="map.search.grid.over.alpha">0.6</entry>
	
	<entry key="flag.unknown">0xEE9933</entry>
	<entry key="flag.right">0x44FF44</entry>
	<entry key="flag.wrong">0xFF4444</entry>
	<entry key="flag.quest1">0x16d225</entry>
	<entry key="flag.quest2">0x00a9fe</entry>
	<entry key="flag.quest3">0xfe20a9</entry>
	<entry key="flag.quest4">0xffa91c</entry>
	<entry key="flag.quest5">0x01fafe</entry>
	
	<entry key="gameserver.type0">0x9eb11f</entry>
	<entry key="gameserver.type1">0x371c12</entry>
	<entry key="gameserver.type3">0x173c3c</entry>
	<entry key="gameserver.type4">0x143b5c</entry>
	<entry key="gameserver.type5">0xc36a00</entry>


	<!-- tactic mode -->
	<entry key="tacticmode.floor01">0x5f5f5f</entry>
	<entry key="tacticmode.floor02">0x696969</entry>
	<entry key="tacticmode.block01">0x444444</entry>
	<entry key="tacticmode.block02">0x4c4c4c</entry>	
	<entry key="tacticmode.block03">0x3b3b3b</entry>
</LangFile>