[

    {

        "author" : "GuildArkanum", 

        "name" : "Arkanum", 

        "keyWords" : "dark, guild",

        "version" : "2.2.0",

        "dofusVersion" : "2.65.4.10", 

        "description" : "Thème de la Guilde Arkanum sur Julith. Couleurs sombres", 

        "url" : "https://raw.githubusercontent.com/kikotei/Arkanum-theme-for-Dofus/main/GuildArkanum.zip",

        "previewUrl" : "https://raw.githubusercontent.com/kikotei/Arkanum-theme-for-Dofus/main/bitmap/arkanum.jpg", 

        "creationDate" : "28/10/2020", 

        "modificationDate" : "16/10/2022"

    } 

]